ident,name,type,latitude,longitude,country code,airport
KNO,ABEAM KUNOTH,VFR,-23.5416667,133.55,AU,
ABKL,ABM KILTO,VFR,-17.7386111,122.7352778,AU,
TVT,ABM TV TOWERS,VFR,-27.475,152.9166667,AU,
ACE,ACADEMY,VFR,-37.8958333,145.1805556,AU,
ANI,ACHERON ISLAND,VFR,-18.9611111,146.6361111,AU,
ACLD,ACLAND,VFR,-27.3041667,151.6888889,AU,
ACTY,ADELAIDE CBD,VFR,-34.9333333,138.6,AU,
ADB,ADELAIDE RIVER BRIDGE,VFR,-12.6583333,131.3333333,AU,
ADRM,ADELAIDE RIVER MOUTH,VFR,-12.2183333,131.2433333,AU,
AOG,ADELONG,VFR,-35.3083333,148.0666667,AU,
ADI,ADMIRALTY ISLAND,VFR,-16.9833333,145.775,AU,
ADWD,ADVENTURE WORLD,VFR,-32.0952778,115.8177778,AU,
ALON,ALAWOONA,VFR,-34.75,140.5,AU,
APL,ALBERT PARK LAKE,VFR,-37.8555556,144.975,AU,
AKMW,ALKIMOS WATER,VFR,-31.6136111,115.6766667,AU,
ALBA,ALOOMBA,VFR,-17.105,145.8333333,AU,
ALOA,ALTONA,VFR,-37.8666667,144.85,AU,
ALTS,ALTONA SOUTH,VFR,-37.8788889,144.81,AU,
ANG,ANGLESEA,VFR,-38.4166667,144.1833333,AU,
APM,ANM PAPER MILL,VFR,-36.0,146.9833333,AU,
ANA,ANNA BAY,VFR,-32.7833333,152.0833333,AU,
ANPL,ANNA PLAINS,VFR,-19.2666667,121.5166667,AU,
ANP,ANTILL PLAINS,VFR,-19.4333333,146.8333333,AU,
ARCD,ARCADIA HS,VFR,-20.8666667,138.0666667,AU,
AEN,ARDENT,VFR,-26.7783333,152.5783333,AU,
SHOP,ARMADALE SHOPS,VFR,-32.1483333,116.0158333,AU,
AWP,ARROWSMITH PT,VFR,-13.25,136.45,AU,
ASU,ARUNDEL SUBSTATION,VFR,-35.2083333,147.4,AU,
ATN,ATHERTON,VFR,-17.2583333,145.5083333,AU,
ATG,ATTUNGA,VFR,-30.9333333,150.8388889,AU,
ALEC,AUSTRALIAN LIVESTOCK EQUINE CENT,VFR,-31.1347222,150.9211111,AU,
AVNL,AVENEL,VFR,-36.8963889,145.2330556,AU,
BADA,BABINDA,VFR,-17.3416667,145.925,AU,
BMP,BACCHUS MARSH TOWNSHIP,VFR,-37.675,144.4388889,AU,
BKRL,BAKER LAKE,VFR,-26.7111111,125.9797222,AU,
BLHS,BALD HILLS MAST,VFR,-27.3130556,153.0161111,AU,
BOA,BALMORAL,VFR,-37.25,141.8333333,AU,
BANG,BANGALOW,VFR,-28.6866667,153.5166667,AU,
BDT,BARANDUDA TOWERS,VFR,-36.25,146.85,AU,
BARB,BARBAGALLO RACEWAY,VFR,-31.6666667,115.7833333,AU,
BHCP,BARN HILL CARAVAN PARK,VFR,-18.3686111,122.0405556,AU,
BSL,BARNES HILL,VFR,-27.2,152.1,AU,
BRNJ,BARRENJOEY HEAD,VFR,-33.58,151.3266667,AU,
BRR,BARRINGUN,VFR,-29.0166667,145.7,AU,
BRGE,BARRON GORGE,VFR,-16.85,145.65,AU,
BPN,BARWON PRISON,VFR,-37.9833333,144.35,AU,
KALK,BASS STRAIT,VFR,-39.5,142.5,AU,
BATB,BATEMANS BAY,VFR,-35.7166667,150.1833333,AU,
BTI,BATHURST ISLAND,VFR,-11.7663889,130.6166667,AU,
BNE,BATMAN BRIDGE,VFR,-41.2175,146.9141667,AU,
BAW,BAYWEST,VFR,-38.0,144.9266667,AU,
BCM,BEACHMERE,VFR,-27.1166667,153.05,AU,
BIV,BECTIVE HS,VFR,-30.9722222,150.7383333,AU,
BENT,BEECHMONT,VFR,-28.1333333,153.2,AU,
BCH,BEECHWORTH,VFR,-36.3583333,146.6888889,AU,
BLR,BELLBROOK,VFR,-30.8216667,152.5111111,AU,
BLIG,BELLINGEN,VFR,-30.4555556,152.8972222,AU,
BENV,BEN NEVIS,VFR,-41.4111111,147.6416667,AU,
BND,BENDEMEER,VFR,-30.8833333,151.15,AU,
BEE,BERILEE,VFR,-33.62,151.105,AU,
BESI,BESSIE POINT,VFR,-16.9033333,145.8133333,AU,
BVG,BEVERIDGE,VFR,-37.4722222,144.9708333,AU,
BDTN,BIDDESTON,VFR,-27.5583333,151.7166667,AU,
BIDG,BIDGEE 1,VFR,-35.3577778,149.0155556,AU,
BDGE,BIDGEE 2,VFR,-35.4497222,149.0544444,AU,
BIBA,BINGIL BAY,VFR,-17.8277778,146.1013889,AU,
BDWD,BIRDWOOD,VFR,-34.8233333,138.96,AU,
BCT,BLACK MT,VFR,-21.0694444,149.0958333,AU,
BKM,BLACK MT,VFR,-35.275,149.1,AU,
BKIS,BLACKSMITH ISLAND,VFR,-20.6333333,149.0666667,AU,
BLIC,BLI BLI CASTLE,VFR,-26.625,153.0333333,AU,
BTM,BOAT HARBOUR,VFR,-40.95,145.6333333,AU,
BOAT,BOATYARD,VFR,-32.1505556,115.7658333,AU,
BODD,BODDINGTON,VFR,-32.8,116.4666667,AU,
BGN,BOGANTUNGAN,VFR,-23.65,147.3,AU,
BLTB,BOLTE BRIDGE,VFR,-37.8191667,144.9322222,AU,
BSP,BOND SPRINGS,VFR,-23.5166667,133.85,AU,
BUVY,BOND UNIVERSITY,VFR,-28.0766667,153.41,AU,
BNG,BONEGILLA,VFR,-36.1444444,147.0125,AU,
BONG,BONGAREE,VFR,-27.0833333,153.1833333,AU,
BOON,BOONDALL ENTERTAINMENT CENTRE,VFR,-27.3416667,153.0841667,AU,
BOAR,BORUMBA RESV,VFR,-26.5083333,152.5833333,AU,
BBH,BOTANY BAY HEADS,VFR,-34.0083333,151.2416667,AU,
BOWB,BOWEN BRIDGE,VFR,-42.8166667,147.3,AU,
BWV,BOWENVILLE,VFR,-27.3055556,151.4875,AU,
BWMS,BOWMANS,VFR,-34.15,138.2666667,AU,
BWL,BOWRAL,VFR,-34.4791667,150.4180556,AU,
BOV,BOWRAVILLE,VFR,-30.65,152.85,AU,
BPI,BRAMPTON ISLAND,VFR,-20.8055556,149.2666667,AU,
BAXT,BRANXTON,VFR,-32.6666667,151.35,AU,
BZA,BREEZA,VFR,-31.25,150.4666667,AU,
BBBG,BRIBIE BRIDGE,VFR,-27.0736111,153.1461111,AU,
BBI,BRIBIE ISLAND,VFR,-27.0002778,153.1430556,AU,
BTO,BRIGHTON,VFR,-37.9111111,144.9861111,AU,
BTJ,BRIGHTON JETTY,VFR,-35.0166667,138.5166667,AU,
BRY,BRINGELLY,VFR,-33.9416667,150.7283333,AU,
BRIN,BRINSMEAD,VFR,-16.9083333,145.7083333,AU,
BCTY,BRISBANE CBD,VFR,-27.4666667,153.0333333,AU,
BNCG,BRISBANE CRICKET GROUND,VFR,-27.4858333,153.0380556,AU,
BDF,BROADFORD,VFR,-37.2083333,145.0416667,AU,
BYN,BROOKLYN,VFR,-37.8277778,144.8583333,AU,
BBG,BROOKLYN BRIDGE,VFR,-33.5408333,151.1958333,AU,
BTON,BROOKTON,VFR,-32.3666667,117.0166667,AU,
BRI,BROUGHTON ISLAND,VFR,-32.6083333,152.3083333,AU,
BRH,BRUNSWICK HEADS,VFR,-28.5416667,153.55,AU,
BUCP,BUCHAN PT,VFR,-16.7361111,145.6677778,AU,
BUCN,BUCHANAN HILLS,VFR,-18.9,131.0833333,AU,
BKD,BUCKLAND,VFR,-42.6111111,147.7166667,AU,
BPK,BUCKLAND PARK WEATHER RADAR,VFR,-34.6169444,138.4688889,AU,
BDH,BUNDAGEN HEAD,VFR,-30.4333333,153.075,AU,
BEN,BUNGENDORE,VFR,-35.2583333,149.4472222,AU,
BUG,BUNGIL BRIDGE,VFR,-36.05,147.35,AU,
URG,BURBONG,VFR,-35.3402778,149.3097222,AU,
BLGH,BURLEIGH HEADS,VFR,-28.0908333,153.4583333,AU,
BUB,BURNS BEACH,VFR,-31.7283333,115.7166667,AU,
BUGA,BURRAGA,VFR,-33.8833333,149.5666667,AU,
BJK,BURRINJUCK,VFR,-35.005,148.5833333,AU,
BMK,BURRUMBUTTOCK,VFR,-35.8333333,146.8,AU,
BYFD,BYFORD,VFR,-32.2166667,116.0333333,AU,
BYNO,BYNOE HARBOUR,VFR,-12.75,130.6833333,AU,
BYRK,BYROCK,VFR,-30.65,146.4,AU,
BBAY,BYRON BAY,VFR,-28.65,153.6166667,AU,
CBLT,CABLEWAY TERMINAL,VFR,-16.8483333,145.6916667,AU,
CABO,CABOOLTURE,VFR,-27.0875,152.95,AU,
CRDZ,CALOUNDRA DROPZONE,VFR,-26.8,153.11,AU,
CALT,CALTEX REFINERY,VFR,-27.415,153.1583333,AU,
CLVT,CALVERT,VFR,-27.6636111,152.5158333,AU,
CBRA,CAMBRAI,VFR,-34.6583333,139.28,AU,
CPA,CAMPANIA,VFR,-42.6661111,147.4225,AU,
CLLN,CAMPBELLTOWN,VFR,-41.9333333,147.4916667,AU,
CAMB,CAMPBELLTOWN UNIVERSITY,VFR,-34.0716667,150.7833333,AU,
RCSE,CANBERRA RACECOURSE,VFR,-35.2383333,149.1366667,AU,
CNB,CANNING BRIDGE,VFR,-32.01,115.85,AU,
CDM,CANNING DAM,VFR,-32.1541667,116.125,AU,
CAV,CANNONVALE,VFR,-20.2777778,148.6916667,AU,
CBY,CANTERBURY RACECOURSE,VFR,-33.9083333,151.1116667,AU,
CAPS,CAPE BANKS,VFR,-33.9975,151.2444444,AU,
CCL,CAPE CLEVELAND,VFR,-19.1833333,147.0125,AU,
CPY,CAPE CONWAY,VFR,-20.5361111,148.9277778,AU,
CGR,CAPE GAMBIER,VFR,-11.9388889,130.9666667,AU,
CGF,CAPE GRAFTON,VFR,-16.8638889,145.9166667,AU,
CPH,CAPE HILLSBOROUGH,VFR,-20.9055556,149.0444444,AU,
CAJE,CAPE JERVIS,VFR,-35.6061111,138.0919444,AU,
CAKE,CAPE KEITH,VFR,-11.6166667,131.4666667,AU,
CMB,CAPE LAMBERT,VFR,-20.5933333,117.1833333,AU,
CPMN,CAPE MORETON,VFR,-27.0333333,153.4666667,AU,
CPLD,CAPE PORTLAND,VFR,-40.75,147.95,AU,
CPHE,CAPE RICHE,VFR,-34.6,118.7666667,AU,
CAPT,CAPTAINS FLAT,VFR,-35.5911111,149.4452778,AU,
CAU,CARAMUT,VFR,-37.9666667,142.5166667,AU,
CARE,CARDINIA RESV,VFR,-37.9583333,145.4166667,AU,
CDNA,CARDONA,VFR,-23.3333333,149.0,AU,
CARIN,CARINDALE SHOPPING CENTRE,VFR,-27.5,153.1011111,AU,
CIK,CARRICK,VFR,-41.5333333,147.0,AU,
CARR,CARRUM,VFR,-38.0741667,145.1194444,AU,
CLJ,CASTLE JUNCTION,VFR,-41.5055556,147.4833333,AU,
CTT,CASTLE PT,VFR,-12.35,131.275,AU,
CRPT,CASTLEREAGH POINT,VFR,-27.1922222,153.1113889,AU,
CCP,CECIL PLAINS,VFR,-27.5333333,151.1833333,AU,
CAO,CEDUNA OBSERVATORY,VFR,-31.8666667,133.8,AU,
CBRG,CENTENARY BRIDGE,VFR,-27.5275,152.9466667,AU,
CERB,CERBERUS,VFR,-37.9666667,145.0,AU,
CYM,CHAFFEY DAM,VFR,-31.3416667,151.1333333,AU,
CHI,CHANNEL ISLAND,VFR,-12.55,130.8666667,AU,
CHAP,CHARLES PT,VFR,-12.3827778,130.6180556,AU,
CHAT,CHATSWOOD CBD,VFR,-33.7961111,151.1852778,AU,
CHN,CHILTERN,VFR,-36.1458333,146.6069444,AU,
CIB,CHIPBOARD FACTORY,VFR,-35.0708333,147.4041667,AU,
CHOC,CHOCOLATE FACTORY,VFR,-42.7930556,147.2677778,AU,
CNTH,CHOPPERS NORTH,VFR,-33.8816667,151.025,AU,
CSTH,CHOPPERS SOUTH,VFR,-33.9541667,150.9644444,AU,
CWST,CHOPPERS WEST,VFR,-33.8736111,151.0038889,AU,
CIH,CID HARBOUR,VFR,-20.25,148.9333333,AU,
CYB,CITY BEACH,VFR,-31.9416667,115.75,AU,
CEN,CLEVEDON,VFR,-19.3958333,147.0208333,AU,
CVD,CLEVELAND,VFR,-27.5194444,153.2833333,AU,
CFI,CLIFFY ISLAND,VFR,-38.9513889,146.7022222,AU,
CLS,CLIFTON SPRINGS,VFR,-38.15,144.5666667,AU,
CGH,CLONAGH STN,VFR,-20.1333333,140.6833333,AU,
CLOY,CLONEYS CREEK,VFR,-20.2166667,142.6,AU,
COBA,COBAKI,VFR,-28.1833333,153.4877778,AU,
CKT,COCKATOO,VFR,-37.9383333,145.495,AU,
CBI,COLBINABBIN,VFR,-36.5833333,144.8,AU,
CGE,COLLINGULLIE,VFR,-35.0888889,147.1208333,AU,
CONG,COMERONG ISLAND,VFR,-34.8833333,150.7333333,AU,
CJN,CONARA JUNCTION,VFR,-41.8333333,147.4333333,AU,
CGM,CONDONG MILL,VFR,-28.3166667,153.4333333,AU,
CBYC,COOBY CREEK RESV,VFR,-27.3861111,151.9388889,AU,
CIS,COOK ISLAND,VFR,-28.1972222,153.5777778,AU,
CLMN,COOLAMON,VFR,-34.8166667,147.2,AU,
CMDR,COOLMUNDA RESV,VFR,-28.45,151.2333333,AU,
COOL,COOLUM HI-RISE,VFR,-26.5277778,153.0872222,AU,
CORO,COOROY,VFR,-26.4166667,152.9083333,AU,
CPL,COPPERLODE DAM,VFR,-16.9861111,145.6708333,AU,
CPNG,COPPINS CROSSING,VFR,-35.2883333,149.0433333,AU,
CVR,CORIN RESV,VFR,-35.5416667,148.8333333,AU,
COSS,COSSACK,VFR,-20.6766667,117.19,AU,
COTR,COTTER,VFR,-35.3380556,148.9916667,AU,
CTE,COTTESLOE,VFR,-31.9916667,115.75,AU,
COWI,COW ISLAND,VFR,-20.4227778,148.8447222,AU,
COWR,COWWARR,VFR,-38.0144444,146.6930556,AU,
CML,CRADLE MOUNTAIN LODGE,VFR,-41.595,145.9283333,AU,
CBV,CRAIGBOURNE RESV,VFR,-42.55,147.4166667,AU,
CGB,CRAIGIEBURN OVERPASS,VFR,-37.6027778,144.9388889,AU,
CRAY,CRAYFISH,VFR,-38.5833333,139.75,AU,
CREM,CREMORNE,VFR,-42.9583333,147.5333333,AU,
CES,CRESSY,VFR,-41.6916667,147.0833333,AU,
CWK,CRESWICK,VFR,-37.4333333,143.9,AU,
CUL,CRONULLA,VFR,-34.0616667,151.1533333,AU,
CRPC,CROPPA CREEK,VFR,-29.1333333,150.3,AU,
CNT,CROWS NEST,VFR,-27.2694444,152.0555556,AU,
CGD,CUDGEN HEADLAND,VFR,-28.265,153.585,AU,
CCN,CULCAIRN,VFR,-35.6666667,147.0388889,AU,
DAIN,DAINTREE,VFR,-16.25,145.3166667,AU,
DLMO,DALMORE DOWNS,VFR,-19.775,136.0016667,AU,
DRY,DALRYE,VFR,-20.1666667,149.0666667,AU,
DMW,DAM WALL,VFR,-34.7583333,138.7208333,AU,
DARL,DARLIMURA,VFR,-38.3538889,146.2152778,AU,
DHH,DARLING HARBOUR,VFR,-33.8583333,151.2,AU,
DND,DARWIN RIVER DAM,VFR,-12.825,130.9666667,AU,
DBO,DAYBORO,VFR,-27.2,152.8208333,AU,
DFD,DAYLESFORD,VFR,-37.35,144.15,AU,
DGY,DE GREY HS,VFR,-20.175,119.1694444,AU,
DSS,DEDERANG SUBSTATION,VFR,-36.4533333,146.99,AU,
DPW,DEEP WELL,VFR,-24.3583333,134.05,AU,
DEL,DELORAINE,VFR,-41.5333333,146.6666667,AU,
DNP,DENHAM PASSAGE,VFR,-11.3333333,143.3333333,AU,
DWB,DERWENT BRIDGE,VFR,-42.1333333,146.2333333,AU,
DVM,DEVILS MARBLES,VFR,-20.5333333,134.25,AU,
DIBE,DICKY BEACH,VFR,-26.7819444,153.1388889,AU,
DODI,DODDS ISLAND,VFR,-28.2480556,153.5336111,AU,
DLPT,DOLLS POINT,VFR,-33.9947222,151.1480556,AU,
DSN,DONCASTER SHOPPINGTOWN,VFR,-37.7833333,145.125,AU,
DOP,DONNINGTON AIRPARK,VFR,-19.6016667,146.8416667,AU,
DOOM,DOOMBEN RACECOURSE,VFR,-27.4266667,153.07,AU,
DRO,DORRIGO,VFR,-30.3416667,152.7125,AU,
DCIS,DOUBLE CONE ISLAND,VFR,-20.1,148.7166667,AU,
DOU,DOUBLE ISLAND,VFR,-16.725,145.6833333,AU,
DLP,DOUBLE ISLAND PT,VFR,-25.9166667,153.1833333,AU,
DBPT,DOUBLE PT,VFR,-11.8666667,142.9,AU,
DRLD,DREAMWORLD,VFR,-27.865,153.3166667,AU,
DRM,DROMANA,VFR,-38.3333333,144.9666667,AU,
DRP,DROUGHTY PT,VFR,-42.9333333,147.4166667,AU,
DRN,DROUIN,VFR,-38.1333333,145.85,AU,
DCRK,DRY CREEK,VFR,-34.8333333,138.5833333,AU,
DAG,DUARINGA,VFR,-23.7205556,149.6688889,AU,
DUB,DUBLIN,VFR,-34.4541667,138.35,AU,
DLY,DUNALLEY,VFR,-42.8916667,147.8041667,AU,
DGN,DUNGOWAN,VFR,-31.2166667,151.1166667,AU,
DUWN,DUNGOWAN DAM,VFR,-31.4,151.35,AU,
DUA,DURI GAP,VFR,-31.2,150.7,AU,
DMT,DURI MT,VFR,-31.2041667,150.7305556,AU,
DONG,DURONG,VFR,-26.4,151.25,AU,
DTON,DUTTON,VFR,-34.3666667,139.1333333,AU,
EAN,EAGLE HAWK NECK,VFR,-43.0166667,147.9,AU,
EARH,EARL HILL,VFR,-16.8,145.7,AU,
EARV,EARLVILLE,VFR,-16.955,145.7383333,AU,
EAM,EAST ARM,VFR,-12.5166667,130.9333333,AU,
EGT,EAST GRETA,VFR,-32.7375,151.5375,AU,
ETP,EAST PT,VFR,-12.4083333,130.8166667,AU,
EDP,EDDYSTONE PT,VFR,-40.9983333,148.3483333,AU,
EDT,EDMONTON,VFR,-17.025,145.7305556,AU,
ELDO,ELDORADO,VFR,-36.3111111,146.5208333,AU,
ERB,ELIZABETH RIVER BRIDGE,VFR,-12.5430556,130.975,AU,
EMY,EMILY GAP,VFR,-23.7394444,133.9425,AU,
EDOR,ENDEAVOUR REEF,VFR,-15.7833333,145.5666667,AU,
EPPG,EPPING,VFR,-37.6430556,145.025,AU,
ERSK,ERSKINEVILLE OVAL,VFR,-33.9022222,151.1905556,AU,
ETTA,ETTAMOGAH PUB,VFR,-35.9683333,147.0083333,AU,
EMI,EUMUNDI,VFR,-26.4805556,152.9527778,AU,
EWI,EWANINGA,VFR,-23.9833333,133.9333333,AU,
EMD,EWEN MADDOCK DAM,VFR,-26.7777778,153.0083333,AU,
FCP,FALSE CAPE,VFR,-16.875,145.85,AU,
FHS,FARRER HIGH SCHOOL,VFR,-31.1416667,150.9833333,AU,
FDP,FEDERATION PEAK,VFR,-43.2666667,146.45,AU,
FNVL,FERNVALE,VFR,-27.4541667,152.6527778,AU,
FLDI,FIELD ISLAND,VFR,-12.1,132.3833333,AU,
FISH,FISHERMANS ISLAND,VFR,-27.3866667,153.1766667,AU,
FSHR,FISHERMANS PARADISE,VFR,-35.2305556,150.4483333,AU,
FIT,FITNESS CAMP,VFR,-35.1666667,147.6222222,AU,
FID,FITZROY ISLAND,VFR,-16.9333333,145.9916667,AU,
FGN,FLEMINGTON,VFR,-37.7930556,144.9111111,AU,
FPK,FLINDERS PEAK,VFR,-27.8166667,152.8083333,AU,
FMN,FORMARTIN,VFR,-27.3958333,151.4083333,AU,
FDL,FORRESTDALE LAKE,VFR,-32.1597222,115.9305556,AU,
FFLD,FORRESTFIELD,VFR,-31.9886111,116.0177778,AU,
FOWB,FOWLERS BAY,VFR,-31.9833333,132.4333333,AU,
FRLG,FREELING,VFR,-34.4566667,138.8083333,AU,
FWO,FREEWAY OVERPASS,VFR,-37.7952778,144.9938889,AU,
FRE,FREMANTLE,VFR,-32.0583333,115.7416667,AU,
FREM,FREMANTLE GOLF COURSE,VFR,-32.0547222,115.7736111,AU,
FRWV,FRESHWATER VALLEY,VFR,-16.95,145.6883333,AU,
GGN,GALLANGOWAN,VFR,-26.4327778,152.3291667,AU,
GAE,GALLILEE,VFR,-22.3833333,145.9833333,AU,
GWTR,GAOL WATER TOWER,VFR,-23.8583333,133.8,AU,
GST,GATE SOUTH,VFR,-31.2902778,150.6847222,AU,
GWT,GATE WEST,VFR,-31.0208333,150.5722222,AU,
GWB,GATEWAY BRIDGE,VFR,-27.4458333,153.1,AU,
GWDM,GAWLER DAM,VFR,-34.5630556,138.7711111,AU,
GEK,GEMBROOK,VFR,-37.95,145.55,AU,
GRB,GEORGES RIVER BRIDGE,VFR,-34.0033333,151.11,AU,
GEP,GEPPS CROSS,VFR,-34.85,138.6,AU,
GOY,GEROGERY,VFR,-35.8388889,146.9916667,AU,
GNR,GIBSON REEF,VFR,-17.3166667,146.35,AU,
GIM,GILBERLAND MINE,VFR,-19.3,143.6,AU,
GVB,GLADESVILLE BRIDGE,VFR,-33.8416667,151.1466667,AU,
GBRY,GLEN BRAY,VFR,-35.925,147.0083333,AU,
GBR,GLENBURN,VFR,-37.425,145.4222222,AU,
GLEN,GLENLOCH INTERCHANGE,VFR,-35.2844444,149.085,AU,
GMN,GLENMORGAN,VFR,-27.25,149.6833333,AU,
GLC,GLENORCHY,VFR,-31.9166667,139.7833333,AU,
GRE,GLENREAGH,VFR,-30.0541667,152.9777778,AU,
GRK,GLENROCK HS,VFR,-15.1166667,145.0833333,AU,
GCR,GLOUCESTER,VFR,-32.0041667,151.9666667,AU,
GOI,GOLDSMITH ISLAND,VFR,-20.6833333,149.15,AU,
GON,GOODNA,VFR,-27.6166667,152.8875,AU,
GGV,GOOGONG RESV,VFR,-35.4208333,149.2611111,AU,
GMBG,GOOMBUNGEE,VFR,-27.3083333,151.85,AU,
GNN,GOONANEMAN,VFR,-25.4333333,152.1333333,AU,
GGO,GOONOO GOONOO HS,VFR,-31.3097222,150.9055556,AU,
GOV,GORDONVALE,VFR,-17.0888889,145.7833333,AU,
GOW,GOWRIE JUNCTION,VFR,-27.5,151.8861111,AU,
GRAA,GRANYA,VFR,-36.1111111,147.3166667,AU,
GVH,GRAVELLY BEACH,VFR,-41.2875,146.9722222,AU,
GRHL,GREEN HILLS,VFR,-31.925,116.9583333,AU,
GNIS,GREEN ISLAND (CAIRNS),VFR,-16.7583333,145.975,AU,
GRL,GREEN ISLAND (MACKAY),VFR,-20.9833333,149.15,AU,
GRNH,GREENHILL,VFR,-17.04,145.805,AU,
GNM,GREENMOUNT,VFR,-27.7833333,151.95,AU,
GRRV,GROSE RIVER,VFR,-33.6144444,150.6702778,AU,
GDG,GUNDAGAI,VFR,-35.0611111,148.1027778,AU,
GUP,GUNN PT,VFR,-12.1833333,130.9916667,AU,
GUNN,GUNNING,VFR,-34.7816667,149.2666667,AU,
GUNG,GUTHALUNGRA,VFR,-19.9333333,147.8333333,AU,
HSP,HADSPEN,VFR,-41.5083333,147.0583333,AU,
HMM,HAMMOND ISLAND,VFR,-10.5333333,142.2166667,AU,
HMN,HAMPTON,VFR,-27.3583333,152.0666667,AU,
HAVY,HAPPY VALLEY,VFR,-26.8077778,153.1330556,AU,
HBB,HARBOUR BRIDGE,VFR,-33.8533333,151.2083333,AU,
HAF,HAREFIELD,VFR,-34.9638889,147.5166667,AU,
HGTE,HARROGATE,VFR,-34.9533333,139.0183333,AU,
HARV,HARVEY,VFR,-33.0833333,115.9,AU,
HSTI,HASTINGS,VFR,-28.3,145.1833333,AU,
HASS,HASTINGS PT,VFR,-28.3583333,153.58,AU,
HATF,HATFIELD,VFR,-33.7,143.65,AU,
HVI,HAVANNAH ISLAND,VFR,-18.8444444,146.5388889,AU,
HPT,HAY PT,VFR,-21.2777778,149.2916667,AU,
HAZ,HAZELWOOD ISLAND,VFR,-20.2833333,149.0833333,AU,
HEAT,HEATHCOTE TOWNSHIP,VFR,-36.9166667,144.7,AU,
HRR,HELENA RIVER RESV,VFR,-32.0013889,116.2266667,AU,
HNB,HELENSBURGH,VFR,-34.1916667,150.975,AU,
HED,HELIDON,VFR,-27.55,152.1333333,AU,
HNLY,HENLEY JETTY,VFR,-34.9197222,138.4908333,AU,
HKE,HERDSMAN LAKE,VFR,-31.9202778,115.8138889,AU,
HXB,HEXHAM BRIDGE,VFR,-32.83,151.69,AU,
HIPA,HIGH PERFORMANCE AREA 3,VFR,-27.1494444,153.8469444,AU,
HVTG,HIGH VOLTAGE,VFR,-17.0141667,145.7633333,AU,
HIM,HILTON MINE,VFR,-20.5666667,139.4833333,AU,
HNCH,HINCHINBROOK ISLAND,VFR,-18.3666667,146.25,AU,
HDWL,HINZE DAM WALL,VFR,-28.05,153.2866667,AU,
HCTY,HOBART CBD,VFR,-42.8833333,147.3333333,AU,
HBKT,HOLBROOK TOWNSHIP,VFR,-35.7305556,147.325,AU,
HOLM,HOLMES REEF,VFR,-16.5,148.0,AU,
HBU,HOMEBUSH,VFR,-21.2805556,149.05,AU,
HDP,HOOD PT,VFR,-34.3833333,119.5666667,AU,
HPI,HOPE INLET,VFR,-12.3277778,131.0166667,AU,
HVR,HOPE VALLEY RESV,VFR,-34.85,138.6833333,AU,
HORD,HORDERN HILLS,VFR,-20.65,130.3166667,AU,
HZWF,HORIZONTAL WATERFALLS,VFR,-16.3833333,123.9666667,AU,
HBVT,HORNIBROOK VIADUCT,VFR,-27.2738889,153.0725,AU,
HSY,HORNSBY,VFR,-33.6916667,151.1066667,AU,
HST,HOSKINSTOWN,VFR,-35.4222222,149.45,AU,
HWG,HOWLONG,VFR,-35.9763889,146.625,AU,
HGR,HUGH RIVER,VFR,-24.35,133.4333333,AU,
HWW,HUME WEIR WALL,VFR,-36.1111111,147.025,AU,
HYH,HUMMOCKY HILLS,VFR,-41.7333333,147.25,AU,
HRD,HUNGERFORD,VFR,-29.0,144.4,AU,
IND,INDEE HS,VFR,-20.7861111,118.5916667,AU,
IDNA,INDIANA,VFR,-23.3333333,135.4333333,AU,
IDK,INDULKANA TOWNSHIP,VFR,-26.9658333,133.325,AU,
INGL,INGLEBURN,VFR,-33.9716667,150.8583333,AU,
IPHL,IPPIA HILL,VFR,-25.1166667,133.05,AU,
ISB,ISRAELITE BAY,VFR,-33.6166667,123.8833333,AU,
JAC,JACKO'S JUNCTION,VFR,-12.2633333,131.0366667,AU,
JNR,JACKSON RIVER,VFR,-11.5833333,142.0,AU,
JSL,JACOB'S SUGARLOAF,VFR,-41.9416667,147.3,AU,
JACW,JACOB'S WELL,VFR,-32.0333333,117.2,AU,
JMPP,JAMES PRICE POINT,VFR,-17.485,122.1436111,AU,
JADL,JARRAHDALE,VFR,-32.34,116.075,AU,
JCK,JAY CREEK,VFR,-23.7866667,133.5,AU,
JEA,JEANNIE RIVER,VFR,-14.7333333,144.8666667,AU,
JES,JESSIE GAP,VFR,-23.7486111,134.0180556,AU,
JIBN,JIBBON PT,VFR,-34.085,151.17,AU,
JIA,JINDERA,VFR,-35.9583333,146.8875,AU,
JDN,JONDARYAN,VFR,-27.3666667,151.5875,AU,
JGK,JUG CREEK,VFR,-22.0,144.7,AU,
JPP,JUMPINPIN,VFR,-27.7333333,153.45,AU,
JUP,JUPITERS CASINO,VFR,-28.0325,153.4294444,AU,
KKN,KAIMKILLENBUN,VFR,-27.0666667,151.4333333,AU,
KAO,KALKALLO,VFR,-37.5366667,144.945,AU,
KTS,KEATS ISLAND,VFR,-9.6833333,143.45,AU,
KERW,KEERWEE,VFR,-25.2166667,151.35,AU,
KALL,KENDALL,VFR,-14.2,141.6,AU,
KSI,KESWICK ISLAND,VFR,-20.9166667,149.4166667,AU,
KIAN,KIANDRA,VFR,-35.8666667,148.5,AU,
KDBF,KIDSON BLUFF,VFR,-22.25,125.0333333,AU,
KLCY,KILCOY TOWNSHIP,VFR,-26.9416667,152.5638889,AU,
KKV,KILKIVAN,VFR,-26.0833333,152.2466667,AU,
KIM,KILMORE,VFR,-37.3,144.9541667,AU,
KMG,KILMORE GAP,VFR,-37.3,144.9833333,AU,
KCAS,KING CASCADES,VFR,-15.625,125.3,AU,
KRT,KING RANCH TULLY,VFR,-18.0833333,145.8333333,AU,
KGLE,KINGLAKE,VFR,-37.5222222,145.35,AU,
KBCH,KINGS BEACH,VFR,-26.8052778,153.14,AU,
KCFF,KINGSCLIFF,VFR,-28.25,153.5716667,AU,
KGT,KINGSTHORPE,VFR,-27.4777778,151.8138889,AU,
KINN,KINGSTON CENTRE,VFR,-37.9566667,145.0766667,AU,
KSPT,KISSING POINT,VFR,-19.2416667,146.8055556,AU,
KNW,KONGWAK,VFR,-38.5166667,145.7166667,AU,
KTG,KOOLATONG RIVER,VFR,-13.0833333,135.65,AU,
KBD,KOOMBOOLOOMBA DAM,VFR,-17.8333333,145.6,AU,
KOOM,KOOMOOLOOBOOKA CAVE,VFR,-31.4833333,129.5833333,AU,
KANC,KOORANA CROCODILE FARM,VFR,-23.3152778,150.7594444,AU,
KOT,KOOTINGAL,VFR,-31.05,151.05,AU,
KOPP,KOPPEN PARK,VFR,-16.9311111,145.7338889,AU,
KREE,KOREELAH,VFR,-35.9166667,136.9166667,AU,
KUN,KUNWARARA,VFR,-22.9166667,150.1333333,AU,
KRN,KURANDA,VFR,-16.8166667,145.6375,AU,
KRMD,KURMOND,VFR,-33.5508333,150.6872222,AU,
KYP,KYEAMBA PARK,VFR,-35.4472222,147.6166667,AU,
KYE,KYEAMBA TOWER,VFR,-35.525,147.5916667,AU,
KTN,KYNETON,VFR,-37.2472222,144.4583333,AU,
LDH,LADYSMITH,VFR,-35.2111111,147.5166667,AU,
LDLY,LAIDLEY,VFR,-27.6333333,152.3833333,AU,
LKT,LAKE ALBERT,VFR,-35.1777778,147.3633333,AU,
LKAD,LAKE AMADEUS,VFR,-24.58,130.4616667,AU,
LBT,LAKE BATHURST,VFR,-35.05,149.6833333,AU,
LKON,LAKE CLARENDON,VFR,-27.4916667,152.35,AU,
LCR,LAKE CORANGAMITE,VFR,-38.1,143.5166667,AU,
LCDI,LAKE CURRIMUNDI,VFR,-26.7652778,153.1366667,AU,
LAD,LAKE DEANE,VFR,-12.7333333,131.0166667,AU,
LDAP,LAKE DISAPPOINTMENT,VFR,-23.5,122.6666667,AU,
LKEC,LAKE ECHO,VFR,-42.1666667,146.6333333,AU,
LEM,LAKE EPSOM,VFR,-21.4888889,148.8333333,AU,
LEYN,LAKE EYRE NORTH,VFR,-28.4166667,137.3,AU,
LFS,LAKE FINNISS,VFR,-12.3805556,131.475,AU,
LFRO,LAKE FROME,VFR,-30.6333333,139.8666667,AU,
LGGN,LAKE GEORGE NORTH,VFR,-34.9883333,149.3916667,AU,
LGGS,LAKE GEORGE SOUTH,VFR,-35.2027778,149.4083333,AU,
LGEN,LAKE GILLEN,VFR,-26.2166667,124.6,AU,
LGDA,LAKE GININDERRA,VFR,-35.2333333,149.0683333,AU,
LKH,LAKE HINDMARSH,VFR,-36.1166667,141.8666667,AU,
LKIM,LAKE ILMA,VFR,-29.25,127.7666667,AU,
LKG,LAKE KING,VFR,-33.0833333,119.6666667,AU,
LMC,LAKE MANCHESTER,VFR,-27.4833333,152.7666667,AU,
LME,LAKE MAURICE,VFR,-29.4,130.95,AU,
LMWL,LAKE MINIGWAL,VFR,-29.5833333,123.1666667,AU,
LOOH,LAKE MOOGERAH,VFR,-28.0333333,152.55,AU,
LKNL,LAKE NEALE,VFR,-24.2472222,129.9663889,AU,
LRID,LAKE RAESIDE,VFR,-29.55,122.3,AU,
LRAN,LAKE RASON,VFR,-28.6666667,124.2833333,AU,
LSPR,LAKE SURPRISE,VFR,-20.2333333,131.8,AU,
LTL,LAKE THROSSELL,VFR,-27.6333333,124.0833333,AU,
LTRR,LAKE TORRENS,VFR,-31.4216667,138.0866667,AU,
WITE,LAKE WHITE,VFR,-21.1,129.05,AU,
LYEO,LAKE YEO,VFR,-28.0513889,124.5516667,AU,
LKEE,LAKES ENTRANCE,VFR,-37.8666667,148.0,AU,
LCD,LANCEFIELD,VFR,-37.2777778,144.7277778,AU,
LANC,LANCELIN TOWNSHIP,VFR,-31.0186111,115.3283333,AU,
LGH,LANGHAM,VFR,-22.2,150.1,AU,
LHCK,LANGHORNE CREEK,VFR,-35.2958333,139.0444444,AU,
LSDW,LANSDOWNE,VFR,-17.615,126.7433333,AU,
LUY,LATROBE UNIVERSITY,VFR,-37.7166667,145.05,AU,
LAUD,LAUDERDALE,VFR,-42.9,147.5,AU,
LVAB,LAVERTON,VFR,-37.8636111,144.7458333,AU,
TON,LAVERTON BOM TOWER,VFR,-37.8552778,144.7552778,AU,
LWG,LAWRENCE GORGE,VFR,-24.0166667,133.4083333,AU,
LAOS,LAYOAK ISLAND,VFR,-9.85,143.3166667,AU,
LPT,LEE PT,VFR,-12.3333333,130.9,AU,
LPD,LEOPOLD,VFR,-38.1916667,144.4666667,AU,
LIHR,LIGHTHORSE INTERCHANGE M7/M4,VFR,-33.7980556,150.8541667,AU,
LIY,LILYDALE,VFR,-41.25,147.2166667,AU,
LOWS,LINDENOW SOUTH,VFR,-37.8283333,147.4333333,AU,
LVE,LINVILLE,VFR,-26.85,152.2666667,AU,
LMGE,LITTLE MULGRAVE,VFR,-17.1388889,145.725,AU,
LRM,LITTLE RIVER MOUTH,VFR,-38.0069444,144.5833333,AU,
LBET,LOBETHAL,VFR,-34.9,138.8666667,AU,
LSR,LOCH SPORT,VFR,-38.05,147.5833333,AU,
LOGI,LOGIC CENTRE,VFR,-36.0766667,146.7183333,AU,
LRF,LONG REEF,VFR,-33.7419444,151.3213889,AU,
LFC,LONGFORD CREEK,VFR,-20.2083333,148.3666667,AU,
LORN,LORNE TOWNSHIP,VFR,-38.5433333,143.97,AU,
LHD,LOW HEAD,VFR,-41.0666667,146.8,AU,
LWI,LOW ISLETS,VFR,-16.3833333,145.5666667,AU,
LRP,LOW ROCKY PT,VFR,-43.0,145.5,AU,
LWD,LOWOOD,VFR,-27.4666667,152.5833333,AU,
LNDA,LUCINDA,VFR,-18.5333333,146.3333333,AU,
LYNR,LYND RIVER,VFR,-17.4,143.75,AU,
MACB,MACHANS BEACH,VFR,-16.85,145.75,AU,
MZR,MACKENZIE RIVER,VFR,-23.1666667,149.5,AU,
MKV,MACKSVILLE,VFR,-30.7083333,152.9152778,AU,
MGEW,MAGILL ESTATE WINERY,VFR,-34.92,138.68,AU,
MAS,MAGNESITE MINE,VFR,-22.8883333,150.1833333,AU,
MADO,MANDORAH,VFR,-12.4416667,130.7611111,AU,
MDU,MANDURAH,VFR,-32.53,115.7216667,AU,
MGL,MANGALORE,VFR,-42.6583333,147.2416667,AU,
MOP,MANGOPLAH,VFR,-35.3916667,147.2416667,AU,
MAL,MANILLA,VFR,-30.75,150.7236111,AU,
MBHB,MANLY BOAT HARBOUR,VFR,-27.4563889,153.1911111,AU,
MTD,MANTON DAM,VFR,-12.85,131.125,AU,
MBA,MAREEBA,VFR,-17.0683333,145.4183333,AU,
MRL,MARIA ISLAND,VFR,-42.6333333,148.0833333,AU,
MLIT,MARINO LIGHT HOUSE,VFR,-35.0541667,138.5125,AU,
MARQ,MARINO'S QUARRY,VFR,-16.92,145.7269444,AU,
MRBR,MAROUBRA BEACH,VFR,-33.95,151.2566667,AU,
MAR,MARRAR,VFR,-34.825,147.35,AU,
MARR,MARRAWAH,VFR,-40.9105556,144.7075,AU,
MHT,MARTHA PT,VFR,-38.3166667,144.9833333,AU,
MKN,MARY KATHLEEN,VFR,-20.7833333,139.9833333,AU,
MVL,MARYSVILLE,VFR,-37.5166667,145.75,AU,
MHD,MASTHEAD ISLAND,VFR,-23.5333333,151.7333333,AU,
MRH,MAURICE HILL,VFR,-23.9333333,151.25,AU,
MAYD,MAYDENA,VFR,-42.7636111,146.5972222,AU,
MYF,MAYFIELD,VFR,-33.9625,150.625,AU,
MAYL,MAYLANDS POLICE ACADEMY,VFR,-31.9466667,115.9033333,AU,
MGBH,MCGAURAN BEACH,VFR,-38.4488889,147.0991667,AU,
MVAL,MCLAREN VALE,VFR,-35.225,138.5472222,AU,
MCTY,MELBOURNE CBD,VFR,-37.8083333,144.9583333,AU,
MCG,MELBOURNE CRICKET GROUND,VFR,-37.82,144.9833333,AU,
MELS,MELTON SOUTH,VFR,-37.6833333,144.5666667,AU,
MEG,MENANGLE,VFR,-34.125,150.7416667,AU,
MRI,MERION,VFR,-22.8666667,149.0333333,AU,
MRJ,MERRIJIG,VFR,-37.1166667,146.25,AU,
MIAR,MIAREE POOL BRIDGE,VFR,-20.85,116.61,AU,
MHGO,MICHELAGO,VFR,-35.7166667,149.1666667,AU,
MII,MIDGE ISLAND,VFR,-20.6916667,148.7611111,AU,
MCRO,MILLS CROSS,VFR,-35.3708333,149.4247222,AU,
MSTM,MILLSTREAM STN,VFR,-21.6166667,117.0666667,AU,
MPO,MILPEROO,VFR,-23.1833333,141.25,AU,
MIJ,MINJILANG,VFR,-11.1483333,132.5805556,AU,
MISB,MISSION BEACH,VFR,-17.8708333,146.1069444,AU,
MSC,MISSION BEACH,VFR,-17.8833333,146.1,AU,
MITI,MITIAMO,VFR,-36.2116667,144.23,AU,
MFBH,MOFFAT BEACH,VFR,-26.7886111,153.1416667,AU,
MFH,MOFFAT HEAD,VFR,-26.7897222,153.1397222,AU,
MBH,MOOLOOLABA,VFR,-26.7,153.1333333,AU,
MVC,MOONEE VALLEY RACECOURSE,VFR,-37.7666667,144.9333333,AU,
MIE,MOONIE,VFR,-27.7166667,150.3666667,AU,
MPSC,MOORE PARK SUPA CENTRE,VFR,-33.9027778,151.2147222,AU,
MORN,MORNINGTON,VFR,-42.8572222,147.4119444,AU,
MSV,MOSS VALE,VFR,-34.5252778,150.4216667,AU,
MMA,MOSSMAN,VFR,-16.4583333,145.3722222,AU,
BAK,MOUNT BARKER,VFR,-35.0777778,138.8666667,AU,
MBST,MOUNT BENSTEAD,VFR,-23.5666667,134.275,AU,
MBC,MOUNT BLACK,VFR,-19.2833333,146.5583333,AU,
MBK,MOUNT BLACKWOOD,VFR,-21.0333333,148.9416667,AU,
MTBL,MOUNT BOHLE,VFR,-19.2666667,146.6888889,AU,
MBR,MOUNT BOLD RESV,VFR,-35.1208333,138.7,AU,
MTB,MOUNT BOYCE,VFR,-33.6186111,150.2741667,AU,
MCAR,MOUNT CARNARVON,VFR,-24.9166667,148.3833333,AU,
MCHR,MOUNT CHRISTIE,VFR,-30.55,133.2166667,AU,
MCOM,MOUNT COMPASS,VFR,-35.35,138.6166667,AU,
MTK,MOUNT COOKE,VFR,-32.4166667,116.3066667,AU,
MTC,MOUNT COOLUM,VFR,-26.5611111,153.0833333,AU,
MTBA,MOUNT CORAMBA,VFR,-30.2208333,153.05,AU,
TCR,MOUNT COREE,VFR,-35.3083333,148.8097222,AU,
MCOO,MOUNT COTTON,VFR,-27.6222222,153.2166667,AU,
MCOT,MOUNT COTTRELL,VFR,-37.7633333,144.62,AU,
MUE,MOUNT DALE,VFR,-32.1266667,116.2966667,AU,
MDY,MOUNT DAY,VFR,-32.1333333,120.5,AU,
MELE,MOUNT ELEPHANT,VFR,-16.45,144.9333333,AU,
MEV,MOUNT EVERARD,VFR,-25.1833333,125.0666667,AU,
MFN,MOUNT FUNNEL,VFR,-21.625,149.3861111,AU,
MGLO,MOUNT GLORIOUS,VFR,-27.3333333,152.7666667,AU,
MVT,MOUNT GRAVATT,VFR,-27.55,153.075,AU,
MJK,MOUNT JACKSON HS,VFR,-30.2,119.1,AU,
MTKI,MOUNT KINGSTON,VFR,-25.4333333,133.6333333,AU,
MLI,MOUNT LION,VFR,-23.3916667,150.3208333,AU,
MLUY,MOUNT LUCY,VFR,-22.6,133.5333333,AU,
MCD,MOUNT MACEDON,VFR,-37.375,144.5763889,AU,
MTMA,MOUNT MARIA,VFR,-27.4666667,151.4833333,AU,
MMY,MOUNT MOLLOY,VFR,-16.6777778,145.3291667,AU,
MOB,MOUNT MOOMBIL,VFR,-30.3172222,152.8597222,AU,
MGN,MOUNT MORGAN,VFR,-23.6444444,150.3916667,AU,
MTM,MOUNT MUGGA,VFR,-35.3541667,149.1291667,AU,
MIY,MOUNT NINDERRY,VFR,-26.5541667,152.9916667,AU,
OOR,MOUNT OORAMINNA,VFR,-24.0916667,134.0027778,AU,
MPG,MOUNT PALERANG,VFR,-35.4333333,149.6,AU,
PIPR,MOUNT PIPER,VFR,-37.205,145.0033333,AU,
MPT,MOUNT PLEASANT,VFR,-34.775,139.05,AU,
SOV,MOUNT SOMERVILLE RADAR,VFR,-28.2155556,153.4261111,AU,
MTEW,MOUNT STEWAN,VFR,-20.3666667,144.05,AU,
MUM,MOUNT STROMLO,VFR,-35.3166667,149.0083333,AU,
MUSD,MOUNT SYDNEY,VFR,-21.4,121.2,AU,
MTLR,MOUNT TAYLOR,VFR,-35.3733333,149.0766667,AU,
MTY,MOUNT TYSON,VFR,-27.5833333,151.5666667,AU,
MUO,MOUNT UNDOOLYA,VFR,-23.7388889,134.1027778,AU,
MVO,MOUNT VERNON HS,VFR,-24.2333333,118.2333333,AU,
MVI,MOUNT VICTORIA,VFR,-33.5833333,150.25,AU,
MTWK,MOUNT WALKER,VFR,-27.7888889,152.5572222,AU,
MTWG,MOUNT WARNING,VFR,-28.4,153.2666667,AU,
MTWN,MOUNT WELLINGTON,VFR,-37.56,146.81,AU,
MWH,MOUNT WHEELER,VFR,-23.2263889,150.6830556,AU,
MWK,MOUNT WILKIE,VFR,-20.9516667,116.4183333,AU,
MBKR,MOUTH OF THE BLACK RIVER,VFR,-19.18,146.6533333,AU,
MBHR,MOUTH OF THE BOHLE RIVER,VFR,-19.1966667,146.7016667,AU,
MMT,MT MARGARET,VFR,-19.35,146.6016667,AU,
MUDI,MUD ISLAND,VFR,-27.3333333,153.25,AU,
MEER,MUDGEERABA,VFR,-28.0833333,153.3666667,AU,
MUP,MULLALOO PT,VFR,-31.8083333,115.725,AU,
LLN,MULLEN,VFR,-25.0366667,153.0,AU,
MBBY,MULLUMBIMBY,VFR,-28.55,153.5,AU,
MWR,MUNDARING WEIR,VFR,-31.9541667,116.1583333,AU,
MAA,MUNGALLALA,VFR,-26.45,147.55,AU,
MUNM,MUNIGANEEN MT,VFR,-27.4083333,151.875,AU,
MHY,MURPHY'S CREEK,VFR,-27.4625,152.0541667,AU,
MBD,MURRAY BRIDGE,VFR,-35.15,139.3091667,AU,
MYW,MURRAY DOWNS,VFR,-25.0333333,139.2,AU,
MMM,MURRUMBATEMAN,VFR,-34.9722222,149.025,AU,
MUI,MURRURUNDI,VFR,-31.7666667,150.8333333,AU,
MUR,MURWILLUMBAH,VFR,-28.325,153.3972222,AU,
MUEE,MUTARNEE,VFR,-18.95,146.3,AU,
MRTL,MYRTLE,VFR,-19.7,146.5333333,AU,
NGBM,NAGAMBIE MINE,VFR,-36.7938889,145.2319444,AU,
NMB,NAMBOUR,VFR,-26.6277778,152.9583333,AU,
NHS,NAMBUCCA HEADS,VFR,-30.6444444,153.0083333,AU,
NAA,NARA INLET,VFR,-20.15,148.9,AU,
NAMA,NAROOMA,VFR,-36.2,150.1333333,AU,
NRW,NARRE WARREN,VFR,-38.0166667,145.3,AU,
NOOG,NARROOGAL,VFR,-10.25,142.5,AU,
NKBO,NECKARBOO,VFR,-32.0666667,144.6166667,AU,
NEM,NEMINGHA,VFR,-31.125,150.9916667,AU,
NPBR,NEPEAN BRIDGE,VFR,-33.7641667,150.6591667,AU,
NEN,NERANG,VFR,-27.9875,153.3375,AU,
NGI,NGULUPI,VFR,-10.2433333,142.4108333,AU,
NTT,NIMBIN TV TOWERS,VFR,-28.5416667,153.2916667,AU,
NIM,NIMROD PASSAGE,VFR,-12.1,143.7833333,AU,
NDI,NINDIGULLY,VFR,-28.35,148.8166667,AU,
NARL,NOARLUNGA,VFR,-35.1416667,138.4888889,AU,
NBB,NOBBYS HEAD,VFR,-32.915,151.79,AU,
NDY,NODDY REEF,VFR,-13.7333333,143.75,AU,
NNDO,NOONDOO,VFR,-28.6166667,148.4333333,AU,
NOSA,NOOSA HEADS,VFR,-26.375,153.1166667,AU,
NEQ,NORTH EAST QUARRY,VFR,-37.9416667,144.5833333,AU,
NOHD,NORTH HEAD,VFR,-33.8216667,151.2916667,AU,
NORT,NORTH LAKE,VFR,-32.0766667,115.8236111,AU,
NSTA,NORTH STAR,VFR,-28.9166667,150.4166667,AU,
NBRR,NORTHERN TIP BERSERKERS,VFR,-23.2786111,150.5883333,AU,
NRWN,NORWIN,VFR,-27.5583333,151.3791667,AU,
NUDG,NUDGEE TIP,VFR,-27.3583333,153.0916667,AU,
NUA,NUNAMARA,VFR,-41.3916667,147.3,AU,
NUN,NUNDLE,VFR,-31.4666667,151.125,AU,
NUPA,NURIOOTPA,VFR,-34.4833333,139.0,AU,
NCHU,NYCHUM,VFR,-16.8433333,144.4616667,AU,
OAKF,OAKFORD,VFR,-32.2033333,115.925,AU,
OAT,OATLANDS,VFR,-42.3,147.3666667,AU,
OBC,OBSERVATION CITY,VFR,-31.8944444,115.755,AU,
OBSH,OBSERVATORY HILL,VFR,-28.9666667,132.0,AU,
OBY,OLD BOMBANDY,VFR,-22.4333333,148.6333333,AU,
OLCO,OLD CORK,VFR,-22.9333333,141.8666667,AU,
ONPK,ORAN PARK,VFR,-34.0083333,150.7419444,AU,
ORKS,ORCHARD ROCKS,VFR,-19.11,146.8816667,AU,
ORF,ORFORD NESS,VFR,-11.3,142.8166667,AU,
OHB,OUTER HARBOR,VFR,-34.775,138.4833333,AU,
OVL,OVERLANDER,VFR,-26.4,114.4666667,AU,
OWS,OWEN SPRINGS,VFR,-23.875,133.4722222,AU,
OFD,OXENFORD,VFR,-27.8833333,153.3166667,AU,
PCVE,PALM COVE,VFR,-16.75,145.6666667,AU,
PFRM,PALM FARM,VFR,-17.0433333,145.7616667,AU,
PLW,PALM MEADOWS,VFR,-28.0333333,152.4083333,AU,
PLU,PALUMA DAM,VFR,-18.9555556,146.1444444,AU,
SFG,PARADISE GARDENS,VFR,-28.0180556,153.375,AU,
PKR,PARK RIDGE WATER TOWER,VFR,-27.7044444,153.0388889,AU,
PRKH,PARKHURST,VFR,-23.3041667,150.5138889,AU,
PRT,PARRAMATTA,VFR,-33.8166667,151.005,AU,
PAA,PATONGA,VFR,-33.5516667,151.2625,AU,
PECO,PEACOCK,VFR,-18.6833333,145.9833333,AU,
PDNE,PEAK DOWNS MINE,VFR,-22.25,148.1833333,AU,
PEAR,PEARSON ISLES,VFR,-33.95,134.2666667,AU,
PCCK,PELICAN CREEK,VFR,-25.2333333,150.9,AU,
PENH,PENNANT HILLS STROBE,VFR,-33.74,151.07,AU,
PENT,PENRITH,VFR,-33.7583333,150.7,AU,
PVS,PERCIVAL LAKES,VFR,-21.58,124.16,AU,
PEG,PEREGIAN,VFR,-26.5166667,153.1,AU,
PCKD,PERSEVERENCE CREEK DAM,VFR,-27.3055556,152.1208333,AU,
PCTY,PERTH CITY,VFR,-31.9544444,115.8569444,AU,
PTI,PETRIE,VFR,-27.2666667,152.975,AU,
PIB,PICKERING BROOK GOLF COURSE,VFR,-32.0375,116.1116667,AU,
PIL,PICKET HILL,VFR,-30.5708333,152.9833333,AU,
PCA,PICNIC BAY,VFR,-19.1833333,146.85,AU,
PNP,PICNIC PT,VFR,-33.98,151.0016667,AU,
PIC,PICTON,VFR,-34.175,150.6166667,AU,
PIG,PIGGERY,VFR,-36.0125,146.7916667,AU,
PIPT,PINE PT,VFR,-34.5666667,137.8833333,AU,
PING,PINGARING,VFR,-32.7583333,118.625,AU,
PII,PIRATE POINT,VFR,-23.5083333,150.6416667,AU,
PWH,PITTSWORTH,VFR,-27.7208333,151.6333333,AU,
PTOM,POINT ORMOND,VFR,-37.8833333,144.9833333,AU,
PSS,POINT STEPHENS LIGHTHOUSE,VFR,-32.7458333,152.2083333,AU,
PRP,PORPOISE PT,VFR,-27.9363889,153.4252778,AU,
PAL,PORT ADELAIDE,VFR,-34.85,138.5,AU,
PMA,PORT ALMA,VFR,-23.5833333,150.8583333,AU,
POMP,PORT CAMPBELL,VFR,-38.62,142.995,AU,
PDV,PORT DAVEY,VFR,-43.3333333,145.8833333,AU,
PTD,PORT DOUGLAS,VFR,-16.4833333,145.4638889,AU,
PJUL,PORT JULIA,VFR,-34.6666667,137.8777778,AU,
PMG,PORT MUSGRAVE,VFR,-12.0,141.9333333,AU,
PNE,PORT NEILL,VFR,-34.1166667,136.35,AU,
PNL,PORT NOARLUNGA,VFR,-35.15,138.4666667,AU,
PIPS,PORT PHILLIP HEADS,VFR,-38.2933333,144.6333333,AU,
PVCT,PORT VINCENT,VFR,-34.7816667,137.8608333,AU,
POWR,POWERHOUSE,VFR,-32.0952778,115.7566667,AU,
PWLC,POWERLINE CROSSING,VFR,-37.6125,144.7777778,AU,
PRES,PRESCOTT LAKES,VFR,-20.75,125.1666667,AU,
PRS,PRIMROSE SANDS,VFR,-42.8833333,147.6666667,AU,
PCB,PRINCESS CHARLOTTE BAY,VFR,-14.3333333,144.1166667,AU,
PSP,PROSPECT RESV,VFR,-33.8166667,150.9166667,AU,
PSF,PROSSERS SUGARLOAF,VFR,-42.675,147.825,AU,
PSTO,PROSTON,VFR,-26.1666667,151.6,AU,
DNGR,PT DANGER,VFR,-28.165,153.5516667,AU,
FAW,PT FAWCETT,VFR,-11.8,130.0166667,AU,
PMPH,PUMPHREY'S BRIDGE,VFR,-32.6666667,116.9,AU,
PBF,PURLINGBROOKE FALLS,VFR,-28.1666667,153.2666667,AU,
PWDA,PURRAWUNDA,VFR,-27.5388889,151.625,AU,
PYA,PYALONG,VFR,-37.1166667,144.855,AU,
PYK,PYKES CREEK RESV,VFR,-37.6,144.2944444,AU,
QAI,QUAIL ISLAND,VFR,-22.1333333,150.0,AU,
QBN,QUEANBEYAN,VFR,-35.3591667,149.2425,AU,
Q1,QUEBEC ONE,VFR,-28.0066667,153.4302778,AU,
QSAC,QUEENSLAND SAC,VFR,-27.5583333,153.0627778,AU,
QLW,QUINALOW,VFR,-27.1055556,151.6208333,AU,
QNDI,QUIRINDI,VFR,-31.4905556,150.5138889,AU,
RIL,RABBIT ISLAND,VFR,-20.8333333,148.9,AU,
RBY,RABY BAY,VFR,-27.5166667,153.275,AU,
RDRS,RADAR SITE,VFR,-19.2,146.7666667,AU,
RADT,RADIO TELESCOPE,VFR,-42.8166667,147.45,AU,
RAIS,RAINE ISLAND,VFR,-11.6,144.0333333,AU,
RNN,RANNES,VFR,-24.1,150.1166667,AU,
RAPD,RAPID BAY,VFR,-35.5216667,138.1833333,AU,
RTY,RATHDOWNEY,VFR,-28.2166667,152.8666667,AU,
RKI,RATTLESNAKE ISLAND,VFR,-19.0333333,146.6111111,AU,
RCS,RED CLIFFS,VFR,-34.3,142.2166667,AU,
RDHI,RED HILL,VFR,-21.6333333,148.05,AU,
RER,RED ROCK,VFR,-29.9861111,153.225,AU,
REDC,REDCLIFFE BRIDGE,VFR,-31.93,115.9383333,AU,
RDV,REDCLIFFE VALE HS,VFR,-21.1166667,148.1166667,AU,
REDF,REDFERN RAILWAY STATION,VFR,-33.8919444,151.1986111,AU,
REDB,REDLAND BAY,VFR,-27.6,153.3,AU,
REDL,REDLYNCH,VFR,-16.8833333,145.7,AU,
RENR,RENNER SPRINGS,VFR,-18.3166667,133.8,AU,
RESC,RESEARCH CENTRE,VFR,-14.7808333,131.9363889,AU,
RCH,RICHMOND,VFR,-42.7333333,147.4333333,AU,
RIT,RING TANK,VFR,-26.75,153.0916667,AU,
RMH,RIVER MOUTH,VFR,-34.5833333,138.3583333,AU,
RIV,RIVERINA CAMPUS,VFR,-35.0555556,147.3458333,AU,
RVTN,RIVERTON,VFR,-34.165,138.7466667,AU,
ROTC,ROBINA TOWN CENTRE,VFR,-28.0772222,153.3852778,AU,
ROK,ROCKBANK,VFR,-37.7277778,144.6533333,AU,
ROHM,ROCKINGHAM,VFR,-32.2919444,115.7413889,AU,
RLY,ROLEYSTONE,VFR,-32.1166667,116.075,AU,
RGS,ROLLINGSTONE,VFR,-19.0472222,146.3875,AU,
RKWC,ROOKWOOD CEMETERY,VFR,-33.875,151.055,AU,
RSH,ROSEHILL RACECOURSE,VFR,-33.825,151.025,AU,
RVB,ROSEVILLE BRIDGE,VFR,-33.7666667,151.2,AU,
RSWD,ROSEWOOD,VFR,-27.6361111,152.5930556,AU,
RSEW,ROSEWOOD ISLAND,VFR,-22.4,149.7333333,AU,
RRDM,ROSS RIVER DAM,VFR,-19.4111111,146.7333333,AU,
RLR,ROSSLYNNE RESV,VFR,-37.4694444,144.5638889,AU,
RMT,ROUND MT,VFR,-19.4611111,146.6944444,AU,
RCB,RUSH CUTTERS BAY,VFR,-33.8736111,151.2322222,AU,
RUSS,RUSSELL,VFR,-32.1863889,116.0088889,AU,
RUIS,RUSSELL ISLAND,VFR,-27.6666667,153.3833333,AU,
RYB,RYDE BRIDGE,VFR,-33.825,151.0916667,AU,
SADD,SADDLE MT,VFR,-16.82,145.65,AU,
SSV,SAMSONVALE,VFR,-27.2777778,152.8541667,AU,
SAU,SANCTUARY COVE,VFR,-27.8583333,153.375,AU,
SALW,SANDALWOOD,VFR,-34.95,140.1333333,AU,
SSTO,SANDERSTON,VFR,-34.7433333,139.2516667,AU,
SAND,SANDGATE PIER,VFR,-27.3283333,153.0877778,AU,
SDP,SANDY PT,VFR,-38.4166667,145.2333333,AU,
STT,SANTA TERESA,VFR,-24.1333333,134.3727778,AU,
SJI,SARAJI,VFR,-22.4333333,148.2833333,AU,
SRIN,SARINA,VFR,-21.425,149.2166667,AU,
SVR,SAVAGE RIVER,VFR,-41.5833333,145.1333333,AU,
SWTE,SAWTELL,VFR,-30.3666667,153.1,AU,
SWY,SAWYERS VALLEY,VFR,-31.9041667,116.2041667,AU,
STC,SCOTT CREEK,VFR,-14.8333333,131.8333333,AU,
STTE,SCOTTSDALE,VFR,-41.1666667,147.5166667,AU,
SECF,SEA CLIFF BRIDGE,VFR,-34.2527778,150.9752778,AU,
SVAL,SECOND VALLEY,VFR,-35.5166667,138.2166667,AU,
SLB,SELLICKS BEACH,VFR,-35.3416667,138.45,AU,
SDS,SHAUNA DOWNS,VFR,-24.6166667,149.9166667,AU,
SHCR,SHAW CREEK,VFR,-25.2166667,129.7297222,AU,
SHI,SHAW ISLAND,VFR,-20.5133333,149.0866667,AU,
SHL,SHELBURNE BAY,VFR,-11.8833333,143.0166667,AU,
SEL,SHELLEY BRIDGE,VFR,-32.025,115.9,AU,
SSG,SIMPSONS GAP,VFR,-23.6791667,133.7166667,AU,
SKP,SKIPTON,VFR,-37.6833333,143.3666667,AU,
SLPT,SLADE POINT,VFR,-21.065,149.225,AU,
SGK,SLOPING HUMMOCK,VFR,-24.85,152.4333333,AU,
SLP,SLOPING ISLAND,VFR,-42.9477778,147.6486111,AU,
SMIF,SMITHFIELD,VFR,-16.8333333,145.6833333,AU,
SYI,SNOWY INTERSECTION,VFR,-35.1833333,147.8683333,AU,
SOFA,SOFALA,VFR,-33.0166667,149.6833333,AU,
SRP,SOLDIERS POINT,VFR,-32.7,152.0625,AU,
SMD,SOMERSET DAM,VFR,-27.1208333,152.55,AU,
SMN,SOMERTON,VFR,-30.9416667,150.6366667,AU,
SORL,SORELL,VFR,-42.7833333,147.5833333,AU,
SEC,SOUTH EAST CAPE,VFR,-43.65,146.8166667,AU,
SMIB,SOUTH MISSION BEACH,VFR,-17.9483333,146.0916667,AU,
SPR,SOUTH PARA RESERVOIR,VFR,-34.6833333,138.8666667,AU,
SPN,SOUTH PINNACLE,VFR,-19.4083333,146.6333333,AU,
SDG,SOUTHEDGE,VFR,-16.8166667,145.2166667,AU,
SBRR,SOUTHERN TIP BERSERKERS,VFR,-23.4,150.625,AU,
SPT,SOUTHPORT,VFR,-27.9166667,153.3722222,AU,
STR,SOUTHPORT ROAD,VFR,-12.65,130.775,AU,
SPIT,SPIT BRIDGE,VFR,-33.8027778,151.2461111,AU,
SRR,SPLIT ROCK RESV,VFR,-30.575,150.7,AU,
SOI,SPLIT SOLITARY ISLAND,VFR,-30.2416667,153.1791667,AU,
SPMT,SPRING MOUNTAIN,VFR,-27.7130556,152.8855556,AU,
SBK,SPRINGBROOK,VFR,-28.2319444,153.2777778,AU,
SGM,ST GEORGES MINE,VFR,-16.5,144.4,AU,
SHIS,ST HELENA ISLAND,VFR,-27.3783333,153.2333333,AU,
SIS,ST IVES SHOWGROUND,VFR,-33.705,151.1833333,AU,
SKI,ST KILDA,VFR,-34.7416667,138.5305556,AU,
SRY,STANSBURY,VFR,-34.9111111,137.7888889,AU,
SLL,STANWELL PARK,VFR,-34.2283333,150.9888889,AU,
SPS,STANWELL POWER STN,VFR,-23.5,150.3333333,AU,
SNP,STATION PIER,VFR,-37.8486111,144.9305556,AU,
STPK,STEPHENSONS PEAK,VFR,-25.5,130.1833333,AU,
SCRK,STONEY CREEK,VFR,-16.8783333,145.655,AU,
SBD,STORY BRIDGE,VFR,-27.4652778,153.0375,AU,
STOT,STOTTS ISLAND,VFR,-28.2691667,153.5008333,AU,
SYN,STRATHALBYN,VFR,-35.2583333,138.8944444,AU,
SFE,STRATHFINELLA,VFR,-23.35,143.55,AU,
STRA,STRATHGORDON,VFR,-42.7666667,146.0366667,AU,
SLY,STRELLEY HS,VFR,-20.4416667,118.9833333,AU,
SRO,STROUD ROAD,VFR,-32.3466667,151.9183333,AU,
SUA,STUART,VFR,-19.35,146.8333333,AU,
STUM,STUMERS CREEK,VFR,-26.5194444,153.0855556,AU,
SUI,STURT INTERSECTION,VFR,-35.22,147.7933333,AU,
SUB,SUBSTATION,VFR,-34.7366667,138.7130556,AU,
SUTR,SUGAR TERMINAL,VFR,-16.9416667,145.7666667,AU,
SLMT,SUGARLOAF MT,VFR,-31.4333333,150.875,AU,
SUG,SUGARLOAF PT,VFR,-32.4444444,152.5402778,AU,
SGSV,SUGARLOAF RESERVOIR,VFR,-37.675,145.3,AU,
SWLD,SUGARWORLD,VFR,-17.0166667,145.7316667,AU,
SUNZ,SUN ZINC REFINERY,VFR,-19.3333333,146.8866667,AU,
SBU,SUNBURY,VFR,-37.5833333,144.725,AU,
SWT,SUNBURY WATER TANK,VFR,-37.5477778,144.6913889,AU,
SBIT,SURBITON,VFR,-23.15,146.6166667,AU,
SUPA,SURFER'S PARADISE,VFR,-28.0,153.4333333,AU,
SUD,SUTHERLAND,VFR,-34.0383333,151.0555556,AU,
SHER,SUTHERLANDS,VFR,-34.15,139.2333333,AU,
SUE,SUTTON ROAD OVERPASS,VFR,-35.1833333,149.2583333,AU,
SBCH,SUTTONS BEACH,VFR,-27.2347222,153.1152778,AU,
SCTY,SYDNEY CBD,VFR,-33.8666667,151.2,AU,
SCG,SYDNEY CRICKET GROUND,VFR,-33.8916667,151.2233333,AU,
SYHD,SYDNEY HEADS,VFR,-33.8333333,151.2916667,AU,
SYP,SYMMONS PLAINS,VFR,-41.6541667,147.25,AU,
TBL,TABULAM,VFR,-28.8866667,152.5686111,AU,
TCH,TALC HEAD,VFR,-12.4791667,130.7666667,AU,
TLAG,TALLANGATTA,VFR,-36.2166667,147.175,AU,
TLY,TALLANGATTA CAUSEWAY,VFR,-36.2138889,147.2458333,AU,
TRWL,TALLARINGA WELL,VFR,-29.0333333,133.2833333,AU,
TLK,TALLAROOK,VFR,-37.1,145.1,AU,
TID,TAMAR ISLAND,VFR,-41.3833333,147.0833333,AU,
TGN,TANGORIN,VFR,-21.7333333,144.2,AU,
TUND,TANUNDA,VFR,-34.5333333,138.9666667,AU,
TAGO,TARAGO,VFR,-35.0697222,149.6547222,AU,
TOWI,TARCOWIE,VFR,-32.95,138.5166667,AU,
TRT,TARCUTTA,VFR,-35.28,147.7388889,AU,
TAP,TARGA GAP,VFR,-41.3113889,147.3677778,AU,
TAR,TARGET,VFR,-27.6138889,153.1272222,AU,
TLEE,TARLEE,VFR,-34.275,138.7683333,AU,
TAS,TASMAN BRIDGE,VFR,-42.8666667,147.35,AU,
CKO,TELEGRAPH OFFICE,VFR,-19.2333333,145.4833333,AU,
TPL,TEMPLE BAY,VFR,-12.2666667,143.15,AU,
TLC,TERRANORA LAKES COUNTRY CLUB,VFR,-28.215,153.4736111,AU,
TWT,TEWANTIN,VFR,-26.4,153.0333333,AU,
THAW,THARWA,VFR,-35.5083333,149.0666667,AU,
TCNR,THE CORNER,VFR,-19.325,146.7283333,AU,
THUM,THE GUMS,VFR,-33.8333333,139.3333333,AU,
TGU,THE GUMS HS,VFR,-33.85,139.35,AU,
TLMI,THE LAKES MINE,VFR,-31.865,116.3583333,AU,
THK,THE OAKS,VFR,-34.0777778,150.5777778,AU,
PIN,THE PINES,VFR,-28.1416667,153.4666667,AU,
RCK,THE ROCK,VFR,-35.275,147.0708333,AU,
APST,THE STAMFORD (HOTEL),VFR,-33.9311111,151.1855556,AU,
WHF,THE WHARF,VFR,-38.1,144.5333333,AU,
THB,THEEBINE,VFR,-25.95,152.55,AU,
THSM,THOMPSON 1,VFR,-17.0122222,145.7516667,AU,
TOML,THOMSONS LAKE,VFR,-32.1516667,115.835,AU,
TORN,THORNTON,VFR,-27.8166667,152.3833333,AU,
TNP,THORNTON GAP,VFR,-19.3583333,146.4616667,AU,
TBRT,TIMBERTOP,VFR,-16.9583333,145.8055556,AU,
TING,TINGALPA RESERVOIR,VFR,-27.5402778,153.1669444,AU,
TMPT,TOM PRICE,VFR,-22.695,117.7916667,AU,
TOO,TOOBORAC,VFR,-37.05,144.8,AU,
TLN,TOOLLEEN,VFR,-36.7166667,144.6833333,AU,
TOOU,TOOMULLA,VFR,-19.0833333,146.4666667,AU,
TOGA,TOORONGA,VFR,-37.8475,145.0472222,AU,
TOWA,TOWRANA HS,VFR,-25.4333333,115.2333333,AU,
TVM,TREVALLYN DAM,VFR,-41.4541667,147.0875,AU,
TRIN,TRINITY BEACH,VFR,-16.7833333,145.7,AU,
TKER,TUCKER,VFR,-24.4833333,149.2,AU,
TUK,TUCKERS KNOB,VFR,-30.3433333,152.9805556,AU,
TGC,TUGGERANONG TOWN CENTRE,VFR,-35.4166667,149.0666667,AU,
TUMB,TUMBULGUM,VFR,-28.2783333,153.4666667,AU,
TTLE,TURTLE PT,VFR,-14.85,129.25,AU,
TWRN,TWO RN,VFR,-33.9422222,150.8855556,AU,
TOS,TWO ROCKS,VFR,-31.4916667,115.5833333,AU,
UKER,UKEREBAGH ISLAND,VFR,-28.1805556,153.5461111,AU,
UDA,ULLADULLA,VFR,-35.35,150.4833333,AU,
UNDW,UNDEMOW WATERHOLE,VFR,-17.5833333,135.25,AU,
UQLD,UNI OF QLD ST LUCIA,VFR,-27.4975,153.0133333,AU,
USW,UPPER SWAN,VFR,-31.7716667,116.0166667,AU,
URAN,URANGAN,VFR,-25.2833333,152.9,AU,
URA,URANQUINTY,VFR,-35.1916667,147.2458333,AU,
URC,URRBRAE AGRICULTURAL HIGH SCHOOL,VFR,-34.9666667,138.625,AU,
URU,URUNGA,VFR,-30.4916667,153.0166667,AU,
VTG,VEHICLE TESTING GROUND,VFR,-37.8833333,144.4166667,AU,
VELO,VELODROME,VFR,-34.8427778,138.6111111,AU,
VICP,VICTORIA PARK,VFR,-34.9333333,138.6208333,AU,
VOKH,VOKES HILL,VFR,-28.4833333,130.5833333,AU,
WGL,WAIGEN LAKES,VFR,-27.6166667,128.7833333,AU,
WTC,WAITE CAMPUS,VFR,-34.97,138.6355556,AU,
WKT,WALKERSTON,VFR,-21.1625,149.0638889,AU,
WBH,WALLABADAH,VFR,-31.5383333,150.825,AU,
WAN,WALLAN,VFR,-37.4083333,144.9766667,AU,
WGR,WALLANGARRA,VFR,-28.9166667,151.9333333,AU,
WRO,WALLAROO,VFR,-33.9333333,137.6333333,AU,
WMB,WALLUMBILLA,VFR,-26.5833333,149.1833333,AU,
WPE,WALPOLE,VFR,-34.9833333,116.7333333,AU,
WTBG,WALTER TAYLOR BRIDGE,VFR,-27.5055556,152.9738889,AU,
WDN,WANDANDIAN,VFR,-35.0833333,150.5166667,AU,
WAND,WANDERING,VFR,-32.675,116.6666667,AU,
WAT,WANGETTI,VFR,-16.665,145.5666667,AU,
WAG,WANTABADGERY,VFR,-35.0583333,147.7222222,AU,
WRNA,WAROONA,VFR,-32.8416667,115.9166667,AU,
WAD,WARRAGAMBA DAM,VFR,-33.885,150.5916667,AU,
WASL,WARRAL SILO,VFR,-31.15,150.8583333,AU,
WRD,WARRANDYTE,VFR,-37.75,145.2083333,AU,
WRR,WARREN RESERVOIR,VFR,-34.7083333,138.9333333,AU,
WFM,WARWICK FARM,VFR,-33.9111111,150.9458333,AU,
WFL,WATERFALL,VFR,-34.1361111,150.9916667,AU,
WAYS,WAYSIDE,VFR,-15.5755556,131.0402778,AU,
WWN,WEALWANDANGIE,VFR,-24.4166667,148.05,AU,
WCP,WELLCAMP DOWNS,VFR,-27.55,151.85,AU,
WELL,WELLINGTON PT,VFR,-27.4688889,153.2419444,AU,
WLS,WELLSHOT,VFR,-23.9,144.4333333,AU,
WELS,WELSHPOOL,VFR,-38.665,146.4383333,AU,
WBER,WERRIBEE RACECOURSE,VFR,-37.9,144.6416667,AU,
WBES,WERRIBEE SOUTH,VFR,-37.9766667,144.6883333,AU,
WEK,WERRIS CREEK,VFR,-31.3575,150.65,AU,
WSM,WEST ARM,VFR,-12.55,130.7888889,AU,
WEBS,WEST BASS,VFR,-39.5,141.0,AU,
WTG,WEST GAP,VFR,-41.3444444,146.775,AU,
WSN,WEST LAGOON,VFR,-41.6027778,147.0277778,AU,
WEP,WEST PT,VFR,-19.1277778,146.7777778,AU,
WNFE,WESTERN FREEWAY,VFR,-27.575,152.945,AU,
WES,WESTGATE BRIDGE,VFR,-37.8297222,144.8963889,AU,
WMR,WESTMAR,VFR,-27.9166667,149.7166667,AU,
WST,WESTMEAD,VFR,-33.8033333,150.9866667,AU,
WTB,WETHERBY,VFR,-21.5,142.8333333,AU,
WHM,WHIM CREEK,VFR,-20.8333333,117.8333333,AU,
WTRK,WHITE ROCK,VFR,-18.7719444,146.7183333,AU,
WHW,WHITEWOOD,VFR,-21.4833333,143.6,AU,
WTS,WHITTLESEA,VFR,-37.5166667,145.1166667,AU,
WIKP,WICKHAM PT,VFR,-12.5044444,130.8608333,AU,
WHPL,WILD HORSE PLAINS,VFR,-34.36,138.2883333,AU,
WILE,WILLEROO,VFR,-15.2836111,131.5655556,AU,
WMS,WILLIAMSTOWN,VFR,-37.8694444,144.9111111,AU,
WICK,WILLIE CREEK,VFR,-17.75,122.2083333,AU,
WIE,WIMMERA,VFR,-31.1583333,150.8166667,AU,
WDU,WIRRADGURIE,VFR,-31.9,152.0666667,AU,
WSFR,WISEMANS FERRY,VFR,-33.38,150.9877778,AU,
WTHB,WITHNELL BAY,VFR,-20.58,116.7866667,AU,
WHDW,WIVENHOE DAM WALL,VFR,-27.3944444,152.6083333,AU,
WBK,WOODBROOK,VFR,-20.9111111,117.1166667,AU,
WOT,WOODGATE,VFR,-25.1166667,152.5666667,AU,
WOOS,WOODLANDS GOLF COURSE,VFR,-37.9966667,145.1,AU,
WMP,WOODMAN PT,VFR,-32.1416667,115.7333333,AU,
WYPT,WOODY PT,VFR,-27.2647222,153.1030556,AU,
WGG,WOOLGOOLGA,VFR,-30.1125,153.2,AU,
WOI,WOOLLAMIA,VFR,-35.0197222,150.6602778,AU,
WNK,WOOMANOOKA,VFR,-13.7333333,141.5833333,AU,
WAM,WOOMARGAMA,VFR,-35.8333333,147.2486111,AU,
WRM,WOORIM,VFR,-27.0775,153.2030556,AU,
WUN,WUNDOWIE,VFR,-31.7666667,116.3766667,AU,
WUNG,WUNGONG RESERVOIR,VFR,-32.2016667,116.0627778,AU,
WMF,WYMAH FERRY,VFR,-36.0416667,147.2625,AU,
WYR,WYREEMA,VFR,-27.65,151.8583333,AU,
YMA,YAAMBA,VFR,-23.1333333,150.3666667,AU,
YBU,YABULU,VFR,-19.2138889,146.5972222,AU,
YKH,YACKANDANDAH,VFR,-36.3116667,146.8416667,AU,
ALBO,YALBOROO,VFR,-20.8333333,148.65,AU,
YYN,YAN YEAN RESV,VFR,-37.5583333,145.1375,AU,
ANDA,YANDARAN,VFR,-24.7166667,152.1166667,AU,
YNA,YANDINA,VFR,-26.5638889,152.9555556,AU,
YGB,YANGEBUP LAKE,VFR,-32.1202778,115.8333333,AU,
YYM,YARINGA YACHT MARINA,VFR,-38.2472222,145.2508333,AU,
YBH,YARRABAH,VFR,-16.9166667,145.8833333,AU,
ASST,YASS TOWNSHIP,VFR,-34.85,148.9166667,AU,
ORKT,YORK TOWNSHIP,VFR,-31.8833333,116.7666667,AU,
YKS,YORKEYS KNOB,VFR,-16.8097222,145.725,AU,
ORNN,YORNANING TOWNSHIP,VFR,-32.7333333,117.1666667,AU,
ULAB,YULABILLA,VFR,-27.0666667,149.7,AU,
URAR,YURARABA,VFR,-28.3333333,151.4,AU,
ZIN,ZUIZIN ISLAND,VFR,-10.1,143.3333333,AU,
